Repository,Fork PullRequest Count,Review Count
openshift-workshop,0,0
gigles,0,0
templates,0,0
openshift-components,0,5
issues-and-solutions,0,0
meta-guide-docker,0,0
openopps-platform,0,0
illr,0,0
shiftbot,0,0
openshift-tools,0,33
openshift-jee-sample,0,0
jee-wildfly-test,0,0
s2i-nginx,0,2
s2i-nginx-example,0,0
nodejs-ex,0,0
s2i-nginx-npm,0,0
tree-model-bower,0,0
BCDevOps-Guide,0,0
pathfinder-jenkins,0,0
sonar-pipeline,0,0
pathfinder,0,1
s2i-caddy,0,2
openshift-wiki,0,24
exo-community,0,0
opendev-template,0,1
jenkins,0,0
examples,0,0
openshift-templates,0,0
openshift-developer-tools,124,22
minio-openshift,0,1
BDDStack,0,1
owasp-zap-openshift,0,0
innovation-lab-projects,0,0
sonarqube,0,11
OWASP-ZAP,0,0
geb-mobile,0,0
jenkins-pipeline-shared-lib,0,0
rhsso-examples,0,0
pathfinder-static-web-pages,0,0
certbot,0,3
ocp-cd-pipeline,0,0
keycloak-admin,0,26
developer-platform,0,0
open-component-stewardship,0,0
backup-container,0,32
devops-platform-workshops,0,21
devops-platform-workshops-labs,0,0
provision-nfs-apb,0,2
platform-services,0,141
pipeline-cli,0,4
fathom-openshift,0,3
StorageMigration,0,8
matomo-openshift,0,11
go-crond,0,0
bcdk,0,17
developer-engagement,0,0
docker-weasyprint,0,4
platform-services-status-page-notifications,0,108
nr-pipeline-ext,0,73
nr-jenkins-shared-lib,0,0
nr-devops-tools,0,0
eval-crunchydata,0,0
gh-deploy,0,4
OpenShift4-RollOut,0,6
OpenShift4-Migration,0,1
devops-requests,0,25
developer-experience,0,82
ha-tomcat9,0,4
surveyjs-vue-scaffold,0,10
managed-ocp,0,25
azure-landing-zone,0,0
gcp-landing-zone,0,0
nr-elasticsearch-stack,0,3
aws-saml2sts-bookmarklet,0,0
nrdk,0,22
aws-login,0,3
bcgov-terraform-module-template,0,0
terraform-aws-account-set,0,0
terraform-aws-organization-info,0,0
terraform-octk-tf-workspace,0,0
terraform-octk-aws-workspace,0,0
terraform-keycloak-role-group-simplification,0,0
terraform-octk-gcp-workspace,0,0
terraform-gcp-project-set,0,0
terraform-aws-keycloak-lz-sso-setup,0,0
terraform-aws-sea-organization-info,0,0
terraform-aws-sea-account-set,0,0
terraform-octk-aws-sea-workspace,0,0
aws-secure-environment-accelerator,0,0
terraform-octk-aws-workload-automation-setup,0,1
baserow,0,0
terraform-octk-aws-keycloak-account-set-role-setup,0,0
cloudops,0,1
terraform-octk-aws-sea-dns,0,0
terraform-octk-tfc-workspace-set,0,1
cloud-guardrails-aws,0,0
allure-framework-openshift,0,3
sig-cli,0,0
terraform-octk-aws-sea-network-info,0,1
terraform-octk-aws-workload-alb,0,0
platform-services-documize,0,3
terraform-octk-aws-sea-routing,0,1
terraform-octk-aws-workload-ecr,0,0
terraform-octk-aws-sea-rocketchat-notifications,0,1
terraform-aws-sea-organization-info-extended,0,0
terraform-octk-aws-sea-billing-reports,0,0
openshift-quota-rec,0,1
terraform-octk-aws-sea-client-vpn-setup,0,0
