Repository,Fork PullRequest Count
wqbc,0
BC-Policy-Framework-For-GitHub,0
bcgroundwater,0
groundwater-levels-indicator,0
ckanext-googleanalytics,0
ckanext-hierarchy,0
ckanext-ga-report,0
EnvReportBC,0
envreportutils,0
CSB-eFile,0
ckanext-bcgov,0
bcmaps,0
dbcrss,0
bc-laws-api,0
rcaaqs,0
ozone-caaqs-indicator,0
pm25-caaqs-indicator,0
esm-server,0
datapusher,0
ltema,0
bearmon,0
openconsult,0
protected-lands-and-waters-indicator,0
BCDevExchange-app,0
bc-population-indicator,0
data-fp,0
nrs-sparx-automation,0
playbook,0
govHackServiceCatalogue,0
guides,0
pages,0
guides-template,0
DBC-APIM,0
cpf,0
drivebc-webcam-api,0
databc-web-map-services,0
agile-guide,0
digital-toolkit,8
eba-guide,0
bcdc-devops,0
data-fp-features,0
issue-aggregator,0
api-specs,0
DevEx-Roadmap,0
interactive-infographic,0
service-patterns,0
piwik,0
Gov-2.0-Bootstrap-Skeleton,0
ckan,0
PMO-Database,0
rems,0
ckanext-geoview,0
agile-labor-categories,0
FGDB-Standards-Tools,0
ghg-emissions-indicator,0
ols-devkit,0
MyGovBC-core-server,0
MyGovBC-core-client,0
MyGovBC-core-headerFooterService,0
MyGovBC-notification-server,0
MyGovBC-widget-sharedservices-foodsafe,0
MyGovBC-widget-info-template,0
BCStats,0
WES-engagement-states,1
simple-R-shiny,0
land-designations-indicator,0
land-designations-shinyapp,0
envreportbc-snippets,0
climate-change-indicators-2015,0
tire-recycling-indicator,0
invasive-species-indicator,0
update-VRI-volumes,0
cccharts,0
mygovbc,0
WES-demographic-profile,0
eDivorce,0
designatedlands,0
mygovbc-nginx,0
mygovbc-foodsafe-nginx,0
water-quality-analysis,0
SecurityAwareness,0
MyGovBC-MSP,0
smtp-om-core,0
schoolbus-orig,0
schoolbus,0
burn-severity,0
housing-data-visualization-project,0
ckanext-openapiviewer,30
BC-demography,0
smtp-om-cas-common,0
HelloSimon_Web,0
slack-dev-bot-BCGov,0
Mock-Server,0
Swagger-Editor,0
SchemaSpy,2
streamflow-trends-on-multi-stats,0
Swagger-Codegen-Extension,0
career-survey,0
mygovbc-foodsafe,0
hets,0
MyGovBC-MSP-Service,0
gwa,0
jxon,0
batch-pdf-reports,0
R-presentation,0
tfrs,16
fabric.js,0
MyGovBC-CAPTCHA-Service,0
MyGovBC-CAPTCHA-Widget,0
housing-data-challenge-ruby,0
ligo-lib,0
kapua,0
kura,0
housing-data-challenge-exponentian,0
housing-data-challenge-plot-scatter,0
housing-data-challenge-plotly,0
housing-data-challenge-foundry-spatial,0
Oahu-UI,0
gwells,0
oahu-api,0
oahu-dbsrv,0
kura-emulator,0
chart-tool,0
legacy-eao-inspections-ios,0
epic-mobile-app-android,0
moti-iot-challenges,0
LTEM-sample-analyses,0
moti-iot-poc,0
sonarqube-openshift-docker,0
navUnit,0
tfrs-sonar-scanner,0
dbc-kml-apps,0
dbc-cms-vis,0
tfrs-functional-test-runner,0
SSD-methods,0
csnr-dmod,0
nrs-cmdb,0
sbc-qsystem,0
openshift-openjfx,0
agile-sdlc,0
eao-nginx,0
mygovbc-bootstrap-theme,0
angular-scaffold,0
eao-parse-server,0
eao-public,0
eao-public-consultation,0
dbc-j2ee-template,0
gw-licensing-transition-summary,0
service-patterns-temp,0
ligo,0
FASSTX,0
shinyhydat,0
mem-admin,0
mem-mmti,0
eao-geo-service,0
mem-geo-service,0
mem-nginx,0
mem-mmti-public,0
nifi-atlas,0
namer,0
bcgovr,0
angular-scaffold-captcha,0
agri-nmp,0
sm-bridge-service,0
von,0
bc-raster-roads,0
IM-Report-GBears,0
CANSIM-dataviewer,0
prime-web,0
MyGovBC-ServiceProviderTools,0
water-quality-analysis-northeastbc,0
hydrolook,0
TheOrgBook,0
openshift-postgresql-oracle_fdw,0
NatureServe-GBPU-Ranking,0
ocp-sso,0
s2i-ruby-nodejs,0
jekyll-barebones,0
ckanext-galileo,0
WES-NLP-tool,0
HectaresBC,0
bootstrap-theme,0
quickstart,0
roadless-areas-indicator,0
child-support-lookup-tool,0
bcmapsdata,0
drat,0
fasstr,0
openshift-solr,0
von-connector,0
von-network,0
s2i-nginx,0
getting_started_with_R,0
WES-results-visualization,0
nrts-prc-public,0
forest-management-indicators,0
gcpe-news-api-client,0
ssdtools,3
bcgov-data-science-resources,0
Family-Protection-Order,0
greenlight,90
esm-admin,0
secure-image-android,0
secure-image-ios,0
jag-shuber-frontend,0
jag-shuber-api,0
secure-image-api,0
nrts-prc-api,0
air-monitoring-visualization,0
gcpe-news-media-proxy,0
nrts-prc-admin,0
splunk-forwarder,0
mobile-authentication-ios,0
mobile-authentication-android,0
mobile-authentication-js,0
bc-aquifer-dashboard,0
smk-legacy-ui,27
smk-datastore,0
gcpe-news-webapp,0
name-examination,0
canwqdata,0
shinyssdtools,0
range-ios,0
range-web,0
indy-sdk,0
wqindex,0
GDX-Analytics,0
http-did-auth-proxy,0
jag-efiling-hub,0
jag-efiling-frontend,0
jag-efiling-api,0
jag-lcrb-carla-public,57
gcpe-news-archive,0
did-auth-relying-party,0
did-auth-extension,0
eao-inspections-web,0
GDX-Analytics-Looker-Snowplow-Web-Block,0
grizzly-bear-IUCN-threats,0
clus,0
clamav,0
workforce-profile-tool,0
mds,0
student-outcomes-dataviz,0
msw-disposal-indicator,0
namex-solr,0
bc-hydrometric-dashboard,0
Skeena-CE-Grizzly,0
namex,0
queue-management,2
GDX-Analytics-Looker-cfms_block,0
moh-fpcare,0
intro-to-tidyhydat-and-tidyverse,0
field-inspection-app-ios,0
field-inspection-app-android,0
prime-session,0
nbcclim,0
gwa-ip-anonymity,0
gwa-ui,0
gwa-kong-endpoint,0
dbc-pylib,0
argg-api,0
argg-ui,0
ols-router,0
mwslds,0
GDX-Analytics-Looker-Redshift_Admin_By_AWS,0
devhub-signing-agent,0
devhub-signing-api,0
devhub-signing-web,0
prime-oauth,0
sp2s3,0
kirk,0
von-bc-registries-agent,0
geometr,0
SecNewsFeedReader,0
env-moosetracker-android,0
env-moosetracker-ios,0
servicebc,0
common-nodejs-utils,1
gcpe-azure-sample,0
representation-grant,0
pssg-cscp-vsd,0
BCwebcheck,0
SecNewsFeedReader-Drupal,0
moh-oauth,0
smk,1
snow-dur-analysis,0
bcgov-sso-theme,0
smk-bcparks,0
smk-moh,0
RasterLandCover,0
gcpe-NRMS-frontend,0
gcpe-NRMS-api,0
jag-scheduling-hub,0
kq-ui,0
kq-api,0
sbc-mcap,1
scj-online-booking-system,0
ldf_drf_db_comments,0
range-api,0
devhub-app-web,0
OCWA,0
common-ui-components,0
repomountie,0
common-web-utils,0
spa-env-server,0
design-system,0
bcgov-useR,0
bowron-ssn,0
scheduler,0
jag-pill-press-registry,0
gcpe-news-dashboard,0
VON-ESB-DRS-Agent,0
smk-common-iac,0
aquifer-factsheets,0
von-agent-template,0
bcgov-rstats-public-presentations,0
ckanext-bcgov-disqus,0
ckanext-bcgov-cli,0
HunterDensity,0
HumanLivestockDensity,0
gcpe-hub-api,0
entity,0
WEStblr,0
replication_health_check,0
EDUC-ECAS,11
bcgov-Shiny-deployment-paths,0
wqo_shuswap,0
hydrometric_stations,0
isb-rsi-courtsintegration,0
moh-common-styles,0
SCJ-Online-Booking,0
aries-vcr,100
bcdata,0
mdms-nodejs-client,0
CHSP_dataviewer,0
EDUC-NGN,0
eagle-public,0
eagle-admin,0
eagle-api,0
gcpe-hub,0
Caribou_disturb_TT,0
Caribou_Disturb_B,0
mdms-device-signout-api,0
mdms-device-signout-app,0
reggie,0
GB_Unreported,0
reggie-web,0
GB_Data,0
grizzly-bear-status-indicator,0
devhub-resources,0
GB_Mortality,0
teis-utilities,0
postman-bdd,0
wetlandmapR,0
chimp,0
FAIB,0
ckan-bcgov-terraform,0
docker-clamav,0
foi-requests,0
pdfmagic,0
ts-rs-modis-snow,0
lear,0
sbc-pay,0
sbc-auth,0
invasive-species-system-build,0
digital-gov,0
GB_DNA,0
GB_Salmon,0
data-stream,0
popApp,0
air-zone-reports,0
bcgov-looker-snowplow,0
eao-inspections-evidence-locker,0
nr-messaging-service-showcase,0
nr-document-management-showcase,0
document-generation-showcase,1
FADM_Edit_Workflows,0
GDX-Analytics-Looker-Google-Block,0
GDX-Analytics-OpenShift-Snowplow-Gateway-Service,0
embc-ess,0
statscan-taxdata-tidying,0
TransAction,0
Project-and-time-tracker,0
moh-sitereg,0
landuseplanning-admin,5
landuseplanning-public,1
landuseplanning-api,0
CaribouBC,0
imit-procurement-data-analysis,0
ckanext-sso,0
ckan-ui,0
smk-francophone,0
csv-to-api,0
shinyrems,0
lngcanada-admin,0
lngcanada-api,0
lngcanada-public,0
GDX-Analytics-Looker-theq_sdpr_block,0
jag-spd-spice,0
iamp-maven-resources,0
bcgov-data-science-cop,0
range-dashboard-ios,0
nr-get-token,0
SharePoint_Solutions,0
bc-econ-status-indices,0
CITZ-IMB-SharePoint,0
realm-o-matic,0
jag-rsbc-carma,0
site-inspections-app-ios,0
cas-ggircs,0
indy-email-verification,0
agri-dcbr,0
cas-docker-sqitch,0
lucy-web,0
iiwbook,0
mobile-starter-kit,0
Agile-Delivery-Process,0
flatfile-tools,0
cas-metabase,0
GDX-Analytics-Drupal-Snowplow,0
healthgateway,0
aqadvisories-eservice,0
sbc-common-components,0
bcdc-test,0
pssg-cornet-dynamics,0
goshawk-ios,0
sae-workbench,8
Skeena_WB,0
cas-ggircs-metabase,0
cas-ggircs-metabase-builder,0
EDUC-UMU,0
bc_snow_ops,0
ExchangeLabOps,0
pssg-cornet-dynamics-config,0
pssg-cornet-dynamics-queue-proc,0
EDUC-CAPS,0
sk_tda,0
eForWasteBC,0
rems2aquachem,0
api-guidelines,0
ckanext-edc-rss,0
recycling-indicator,0
iamp-email-service,0
iamp-mq-component,0
gis-pantry,0
EDUC-DIGITALID-API,8
envair,0
bcca-payment-hub,0
von-oil-gas-poc,0
eagle-helper-pods,0
nr-email-microservice,0
pssg-cornet-dynamics-end2end-service,0
digital-lakes,0
nmp-arm,0
pssg-cornet-dynamics-queue-proc-rabbitmq,0
aries-vcr-issuer-controller,10
EDUC-CURRICWS,0
skeena-ogma-amendments-assessment,0
cas-shipit,0
forestry-quarterly-report,0
jrcc-document-access-libs,0
jag-isb-devorg,0
ranktrends,0
pssg-cordyn-management-console,0
pssg-cordyn-rabbitmq-interface-controller,0
AGOL_getMapFromApp,0
AGOL_getSizeFromGroup,0
FAIBOracle,0
forestDroughtTool,0
FAIBCompiler,0
FAIBBase,0
eagle-dev-guides,2
cloud-adoption-patterns,0
cas-postgres,0
GDX-Analytics-Looker-Google-MyBusiness,0
eagle-reports,0
EDUC-ISFS,0
EDUC-STUDENTSUCCESS,0
vc-authn-oidc,0
iamp-apps-configs,0
bcparis-service,0
nr-showcase-devops-tools,0
nr-showcase-devops-tools-demo-sq,0
gatsby-source-matomo,0
jrcc-sample-app,0
rocketgate,0
gatsby-source-github-raw,0
native-species-rank-indicator,0
orgbook-configurations,0
cas-ggircs-ciip-2018-schema,0
cas-ciip-portal,0
fwben,0
drake-example,0
cas-pipeline,0
cas-metascript,0
bc-sans,0
ols-geocoder,0
forageConversionTool,0
cas-ggircs-metabase-build,0
aries-cloudagent-container,0
new2Q-reports,0
census_geography_bc,0
ols-util,0
GDX-Analytics-Looker-Google-MyBusiness-ServiceBC,0
cas-ggircs-ciip-2018-extract,0
common-hosted-email-service,0
bcparis-apps-configs,0
bcws-psu-research,0
eagle-common-components,0
searchgate,0
ocwa-file-scanner,0
EDUC-CURRI,0
url-filter-proxy,0
gitlab-keycloak-group-sync,0
asdm-postgres,0
git-sae-ops,0
digital-marketplace,0
von-bc-registries-agent-configurations,0
GDX-Analytics-Looker-CleanBC,0
law-society-demo,0
Skeena_ESI_Wetlands,0
cap-eagle-admin,0
cap-eagle-public,0
cap-eagle-dev-guides,0
cap-eagle-api,0
ckanext-bcgov-schema,0
cap-eagle-helper-pods,0
EDUC-PASS,0
ds-cop-intro-to-r,0
moh-prime,0
docugate,0
aries-cloudcontroller-node,0
fams3,0
bcgov-r-geo-workshop,0
ExitSurveyAdmin,0
ppr-deprecated,327
mhr,0
pssg-psd-css,17
moh-bcp,0
moh-address-validation,0
jag-cullencommission,0
Biodiversity_CC,0
telemetry,0
EDUC-KEYCLOAK-SOAM,0
popProjApp,0
hsdProj,0
GCS,0
Forester-Job-Placement,0
embc-ess-mod,0
NRPTI,0
dpdd-snippets,0
design-system-web-components,0
pipeline-bot,0
cass-api,0
cass-frontend,0
bc-fwa-river-profiles,0
GDX-Analytics-Looker-SBC-Call-Centre,0
invasivesBC-mussels-iOS,0
eagle-mobile-inspections,0
keycloak-group-extension,0
shinywqg,0
nr-metabase-showcase,0
tukey,0
CANSIM-retail-trade-shiny,0
issuer-kit,32
EDUC-STUDENT-API,0
EDUC-PEN-REQUEST-API,0
ols-geocoder-cpf-plugin,0
cap-eagle-mobile-inspections,0
HMCR,0
common-document-generation-service,0
digital_marketplace,0
EDUC-SOAM-API,0
sfts2s3,0
jag-dps,21
PIMS,0
namerequest,0
EDUC-STUDENT-ADMIN,0
bcsnowdata,0
digital-policy,0
zeva,0
digital.gov.bc.ca,0
EDUC-INFRA-COMMON,0
digital-principles,0
offSiteTrees,0
Similkameen-WQOs,0
arcgis_hackers,0
AGOL-PullandPushMetadata,0
AGOL_UsageReport,0
bcdevexchange,0
MapRobot,0
eagle-minio-openshift,0
sae-virtual-display,0
SBC_DivApps,0
design-research-guide,3
smk-tlink,0
MPB-regeneration,0
citz-imb-sp-breadcrumbs,0
BCSC-SS,0
business-create-ui,129
citz-imb-sp-vdr,0
moose_lch,0
moh-soapui,0
jag-ceis-crdp-integration,0
bcdc2bcdc,0
bcrs-utilities,0
EDUC-DOCUMENT-API,0
design-system-temporary,0
common-service-showcase,0
EDUC-COURSE-ACHIEVE-API,0
sbc-search,0
sdd-nifi,0
bcrs-template-ui,0
EDUC-COURSE-ACHIEVEMENT-UI,0
zevtesthello,0
diputils,0
nr-arch,0
aporeto-demo-project,0
wqg_data,0
maltd,0
cap-information,0
rsbc-dmf,0
EDUC-curricdrpl,0
devops-credential-issuer,0
moh-iam,0
GDX-Analytics-Looker-CMSLite-Metadata,0
family-law-act-app,0
wps,0
hosted-application-logging-performance-aggregation-services,0
common-components-wiki,0
common-logging,0
cas-helm,0
openshift-launchpad,0
gwater-report,0
wps-api,0
wps-web,0
cap-eagle-traffic-runner,0
cas-airflow,0
moh-middleware-test,0
bcstats_ohcs_craigslist,0
jag-instrumentation,0
business-schemas,0
EDUC-SERVICES-CARD-API,0
aries-vcr-api-draft,0
healthgateproxy,0
EDUC-PEN-DEMOG-API,0
business-filings-ui,0
RSBC-DataHub-API,0
jag-justin-courtlist-api,0
jag-ecrc,0
Wetland_SkeenaESI_Monitoring,0
bcsc-sample-client,1
cloud-adoption-patterns-II,0
cloud-pathfinder,1
cloud-pathfinder-business-process,0
python_beginning,0
intro-to-r,0
dipr,0
metadata-curator,0
nr-team-zero,0
citz-imb-sp-collectionnavigation,0
openshift-launchpad-fe-vue,0
openshift-launchpad-be-node,0
openshift-launchpad-fe-react,0
openshift-launchpad-be-python,0
citz-imb-sp-peoplepicker,0
elucidate,0
EDUC-HUB,0
EDUC-PROMETHEUS-GRAFANA,0
openshift-launchpad-deployment,0
helm-charts,1
EDUC-REPORT-API,0
workbc-sdd-map,0
a2a-trust-over-ip-configurations,0
citz-imb-sp-batchrestapi,0
common-components-catalogue,0
foi-report-download,0
common-services-team-library,0
zeebe-camunda,0
bcgov-python-presentations,0
cloud-guardrails,0
CC_Biodiversity_Refugia,0
GDX-Analytics-Looker-FOI,0
platform-services-status,0
cas-shelf,0
citz-imb-sp-utilities,0
HADF-Overview,1
bctw-api,0
openshift-notifications,0
bctw-ui,0
gdx-covid-19-dashboard,0
covid19,0
epr,0
EDUC-RULE-ENGINE-API,0
cascade_border_data,0
spa-text-service,0
common-hosted-form-service,0
EDUC-LOAD-TEST,0
InvasivesBC-iOS,0
enhanced-travel-screening,0
bctw-db,0
ts-rs-modis-snow-perc-norm,0
bcrs-charts,0
essential-services-delivery,0
vc-visual-verifier,0
dts-esr-demo,0
dts-safe-entry-demo,0
namex-synonyms-api-py-client,0
EDUC-STUDENT-PROFILE-API,0
forum-api,0
ds-intro-to-r-2-day,0
Foreign-Farm-Workers-Permitting-System,0
EDUC-STUDENT-PROFILE-EMAIL-API,0
test-123,0
silviculture-ipc,0
secure-image-app,0
EDUC-STUDENT-PROFILE,0
platform-services-registry,0
supreme-court-viewer,0
EDUC-STUDENT-PROFILE-SAGA-API,0
bowron-ssn-openstars,0
servicescard-selfservice,0
jag-pcss,0
indy-tails-server,0
moh-eRx,0
jag-bcsc-auth-service,0
forms-flow-ai,0
supreme-court-viewer-configurations,0
sdpr-orbeon,0
data-publication,0
platform-ops-argo-poc,0
dormant-site-reclamation-program,0
CITZ-IMB-playbook,0
CITZ-IMB-Capstone2020,0
moh-fpincome,0
common-forms-toolkit,3
service-analytics-guide,0
moh-keycloak-user-management,0
sae-docs-bridge,0
nr-dell-objectstore_admin,0
site-status-checker,0
jag-vips-client,0
EDUC-SERVICES-CARD-SAGA-API,0
startup-sample-project,0
STUDENTSUCCESS-V2.0,0
Wetlands_OperationalFactors_SkeenaEastESI,0
violation-dispute-form,0
embc-eaf,0
s2i-caddy-nodejs,0
containerization-and-cloud-economic-model,0
semantic_infer,0
jag-rsbc-digital-forms-vips-integration,0
jag-file-submission,0
cas-notebooks,0
bcregistry,0
IRIS,0
Protected-Area-Wetland-Assessment-By-Assessment-Area,0
community-air-quality-reports,0
EDUC-EDNET,0
figma,0
labour-force-survey-digest,0
nr-mals,0
cloud-iac,0
mobile-signing-service,0
nr-alm-ops,0
namex-payment-api-py-client,0
bcwebmaps-options,1
moh-plr-fhir,0
CIT,0
moh-hnclient-v2-PoC,0
react-shared-components,0
EDUC-PEN-REG-BATCH-API,0
spring-boot-starters,0
Digital-Support-Team-Guidelines,0
tutorials,0
EDUC-PEN-MATCH-API,0
smk-tradebc,0
epi.branch.sim,0
Watershed_SkeenaESI_Monitoring,0
workbc-small-grants,0
bcdc-smk,0
CE_RipDist_AddingFireInsect,0
orgbook-api,0
Technology-Code-of-Practice,0
jag-isb-splunk-chatops,0
EDUC-forms,0
business-edit-ui,0
vue-shared-components,0
smk-cli,1
gwa-cli,0
api-serv-gw,0
bcrs-shared-components,0
citz-imb-sp-projectIntakeForm,0
agri-nmp-msa,0
workbc-wage-subsidy,0
hcap,0
EDUC-PEN-DEMOG-MIGRATION-API,0
entity-selection-tool,0
moh-iam-kong-keycloak,0
sheriff-scheduling,0
biohubbc,0
biohubbc-common-codes,0
jason-test-123,0
MD10A1_MSLP_LDA,0
bcmoh-iam-integration-guide,0
sheriff-scheduling-configurations,0
ensemble-app-CMIP5,0
parks-adventure-mobile,0
invasivesbc,0
GDX-Analytics-Looker-DES-Reporting,0
moh-iam-kong-plugin,0
Interactive_topic_modeling,0
GCS_update,0
vue-scaffold,0
EDUC-MSDYN-COMMON,0
EDUC-PEN-SERVICES-API,0
bcrs-testing,0
FNDFAS,0
pssg-cscp-vsu,0
EDUC-STUDENT-COURSE_API,0
gwa-api,0
EDUC-STUDENT-ASSESSMENT-API,0
EDUC-GRAD-TOOLS,0
EDUC-PEN-REG-AUTOMATION,0
GDX-Analytics-Looker-Maintenance,0
EDUC-GRAD-STUDENT-API,0
EDUC-GRAD-ADMIN,0
MOH-MSP-Enrolment,0
whse_2_agol,0
EDUC-GRAD-COURSE-API,0
issuer-kit-demo-verifier-chat,0
MoH-SAT,0
ddm-documents,0
BGC3D,0
ClimateApp_FLP,0
nr-designer-erstudio,0
EDUC-GRAD-SANDBOX-REPO,0
EDUC-GRAD-ASSESSMENT-API,0
von-bc-registries-audit,0
EDUC-GRAD-PROGRAM-MANAGEMENT-API,0
EDUC-GRAD-ALGORITHM-API,0
jag-document-utils,0
EDUC-GRAD-SCHOOL-API,0
patroni-postgres-container,0
EDUC-GRAD-PSI-API,0
smk-fap-bcfls,0
smk-fap-fcb,0
smk-fap-stcb,0
geoserver_build,0
EDUC-GRAD-CODE-API,0
ofi-tools,0
court-interpreter-scheduling,0
tracks,0
tracks-devops,0
jag-pci-gateway,0
Wetland_Summary,0
sbc-maximus-services,0
mines-digital-trust,0
EDUC-GRAD-GRADUATION-STATUS-API,0
cmip6-BC,0
EDUC-GRAD-GRADUATION-API,0
EDUC-GRAD-COMMON-API,0
moh-bcer,0
EDUC-SCHOOL-API,0
SSAF_FFH_Summary,0
safepaths,0
pssg-cscp-cpu,0
crt,0
EDUC-SLD-API,0
EDUC-PEN-TRAX-API,0
jag-lrb-web,0
NotifyBC,0
SIMS,0
moh-maid,0
cas-airflow-upstream,0
climate-disturbances,0
nr-fom-admin,0
aps-portal,0
nr-fom-public,0
nr-fom-api,0
MOH-AOP-OOP,0
bc-data-literacy-self-assessment,0
streamflow-indicator,0
ccsummary-tahltan,0
MOH-BCP-Enrolment,0
moh-hnclient-v2,0
moh-hni-esb,0
ccsummary-FLP,0
jag-traffic-courts-online,0
jag-trafficcourts-partner,0
jag-trafficcourts-api,0
rocketchat,0
moh-external-api-protocol-mapper,0
performance,0
citz-imb-sp-aar,0
PSP,0
MOH-FPC-Enrolment,0
startup-sample-project-terraform-modules,0
Wetzinkwa,0
aries-vcr-client,0
Mautic-Subscription-App,0
EDUC-PEN-REPORT-GENERATION-API,0
smk-helms,0
orgbook-bc-client,0
orgbook-on-client,0
ets-cpf-ea-onboarding,0
citz-imb-sp-restapi,0
transportation-datascience-sandbox,0
smk-actions,0
jag-rsbc-nextcloud,0
Teams-FAQ-Bot,0
cloud-custodian-policies,0
ppr,0
registry-schemas,0
EDUC-PEN-REPLICATION-API,0
material-table,0
aries-vcr-issuer-agency,0
GDX-Analytics-microservice,0
nrm-ea-onboarding,0
dip-metadata-viewer,0
bc_dtm_testing,0
court-of-appeal,0
nr-rfc-processing,0
networkpolicy-migration-workshop,0
MOH-IAM-Enrolment,0
nr-rfc-ensweather,0
representation-grant-app,0
economic_recovery_indicators,0
geodock,0
Distributed-Leader-ToolKit,0
access-to-technology,0
Mautic-Openshift,0
EDUC-FSA-ILR,0
mds-startup-sample-project,0
citz-imb-sp-gdx-bif,0
discover-camping,0
smk-moh-mhsu,0
ised-business-banking-initiative,0
dbutils,0
CCISS_ShinyApp,0
moh-ldap-service,0
eco-info,0
EDUC-TRAX-NOTIFICATION-API,0
digital_talent,0
moh-iam-sf,0
SBC-AUTH-Service,0
css-job-scheduling,0
EDUC-GRAD-BATCH-GRADUATION-API,0
common-lib-vue,0
groundwater-level-review-report,0
identity-kit-configurations,0
aps-testing,0
jag-github-templates,0
BCP-CMS,0
platform-services-edb-template,0
jag-mail-it,0
EDUC-PEN-API-GATEWAY,0
mtc-scripts,0
mhsu-broker,0
elmsd-workbc-comms,0
nr-lidar-viewer,0
vue-test-utils-helpers,0
github-optimization,0
cas-onboarding,0
platform-services-requestron,0
dts-vc-issuer-service,0
platform-services-template,0
nr-playbook,0
b2b-credential-manager,0
platform-services-archeobot,0
cas-payment-interface,0
nr-flnr-ecas-processing,0
PECSF,0
cmip6-BC-eval,0
bcregistry-sre,0
jason-test-delete-me,0
foi-flow,0
EDUC-PEN-MYED-API,0
